Word,Its more frequent meanings,Type
āe,yes,Formal
aha,what? ,Formal
ahakoa,although,Formal
ahatia,aha + passive suffix -tia,Formal
ahau,"I, me",Formal
āhei,to be able,Formal
āhei,to allow,Formal
ahi,fire,Formal
ahiahi,"early evening, afternoon ",Formal
aho,"string, fishing line",Formal
aho,"light, to shine",Formal
ahu,move in a certain direction,Formal
ahu,to heap up,Formal
ahu,to look after,Formal
āhua,"shape, form, appearance",Formal
āhuatanga,"property, characteristic, feature, circumstance, āhua + nominal suffix -tanga",Formal
ai,"Not translatable into an English word; verbal particle; used in various subordinate structures, for example relative clauses, adverbials",Formal
aihikirīmi,ice-cream,Formal
aituā,accident; to have an accident,Formal
aituā,disaster; to suffer a disaster,Formal
ākau,"shore, coast",Formal
ake,"Various uses and meanings, eg upwards, as in: piki ake, titiro ake; comparative as in: nui ake; own, as in: tōku whānau ake",Formal
ako,"to learn, to teach",Formal
ākonga,"student, learner",Formal
akoranga,thing that is taught or learnt,Formal
aku,"my, mine, plural form of taku, neutral for possession category",Formal
āku,"my, mine, for ā category items, plural form of tāku",Formal
ākuanei,"soon, presently",Formal
ana,Verbal particle showing ongoing action as in: e haere ana,Formal
ana,"his, her, plural form of tana, neutral for possession category",Formal
ana,cave,Formal
anā,"there, by you",Formal
āna,"his, her, plural, for ā category items",Formal
anake,"only, just",Formal
anei,"here, by me",Formal
anga,face or move in a certain direction,Formal
anga,shell,Formal
anō,"Various meanings, eg again; also, too; self(reflexive) as in: ki a ia anō",Formal
ao,"world, dawn, cloud",Formal
aorangi,planet,Formal
āpōpō,tomorrow,Formal
āporo,apple,Formal
ara,path,Formal
ara,to rise,Formal
arā,"over there, away from us both",Formal
ārahi,"to lead, guide",Formal
ārai,"curtain; to screen off, block",Formal
ariki,"chief, leader",Formal
aro,"to face, turn towards",Formal
aroha,"love, sympathy, compassion",Formal
ata,"morning, shadow",Formal
āta,"gently, carefully, deliberately",Formal
ātaahua,"beautiful, well formed",Formal
atawhai,to show kindness towards,Formal
ātea,open space,Formal
ātea,outer space,Formal
atu,away from current orientation,Formal
atua,god,Formal
au,"I, me",Formal
āu,"your, plural form of tāu, ā category possession.",Formal
aua,"I don’t know, as in: He aha tērā? Aua!",Formal
aua,"those (previously mentioned), plural of taua",Formal
auahi,smoke,Formal
auau,"to bark, howl",Formal
auē,"Alas! An expression of woe, sadness",Formal
awa,river,Formal
āwangawanga,worried,Formal
awatea,daylight,Formal
awhi,"to hug, embrace",Formal
āwhina,to help,Formal
ehara,"Negative used for nominal sentences, as in:",Formal
ehara,"Exclamation: Sure enough, without a doubt.",Formal
eke,to climb up on,Formal
eke,"to embark, get onto",Formal
ēnā,"those, near you; plural of tēnā",Formal
ēnei,"these, near me; plural of tēnei",Formal
engari,"but, on the contrary",Formal
ērā,"those, over there; plural of tērā",Formal
ētahi,some; plural of tētahi,Formal
ētehi,some; plural of tētehi (variant of ētahi),Formal
ha,what!,Formal
hā,breath,Formal
haere ,"go, come",Formal
hāereere,"to wander, roam",Formal
haerenga,journey,Formal
hai ,as for hei (variant of hei),Formal
haina,"to sign (a letter, document)",Formal
haka,"to perform traditional dance; haka, a traditional dance, war dance",Formal
hākari,feast,Formal
haki,flag,Formal
hākinakina,sport; to play sport,Formal
hāmama,"to yell, shout",Formal
hāmama,"open, gaping",Formal
hanga,"to build, erect, make",Formal
hāngai,"opposite, facing",Formal
hangaia,hanga + passive suffix -ia,Formal
hangarau,technology,Formal
hāngi,traditional earth oven,Formal
hao,"to catch in a net, a net",Formal
hāora,hour,Formal
hāora,oxygen,Formal
hāparangi,"to shout, bawl",Formal
hapū,subtribe,Formal
hapū,pregnant,Formal
hara,to make a mistake; mistake,Formal
harakeke,flax,Formal
haramai (haere mai),come,Formal
hararei,holiday,Formal
hari,"to carry, take",Formal
hari,to feel happy,Formal
haria,hari + passive suffix -a,Formal
harikoa,happy,Formal
haruru,to resound; a heavy sound,Formal
hau,"wind, air, breath",Formal
haunga,"smelly, stinky",Formal
hāunga,besides,Formal
hauora,"health, healthy",Formal
haurua,half,Formal
hāwhe,half,Formal
he,"a, some",Formal
hē,"wrong; error, mistake",Formal
hea,where?,Formal
hei,"Various meanings, eg future preposition, at, in, with, for, to, as a ",Formal
heihei,chicken,Formal
heke,"to descend, go down",Formal
heke,rafter,Formal
hekenga,descent,Formal
hēki,egg,Formal
hemo,to be dead,Formal
hemo,"to pass by, be gone",Formal
hēoi,"and so, therefore",Formal
here,"to tie, to bind",Formal
herea,here + passive suffix -a,Formal
hī,to catch fish with a line,Formal
hia,how many?,Formal
hiahia,to want,Formal
hika,a term of address for both sexes: E hika,Formal
hiki,"to lift up, raise",Formal
hiki,"to carry in the arms, to nurse",Formal
hiko,lightning; to flash,Formal
hiko,electricity,Formal
hīkoi,to walk,Formal
hīkoi,"to step, tread",Formal
hine,Term of address for a girl: E hine!,Formal
hinengaro,"mind, intellect",Formal
hinga,to fall from an upright position,Formal
hinu,"oil, fat",Formal
hipi,sheep,Formal
hoa,friend,Formal
hoariri,enemy,Formal
hoatu,to give (away from speaker),Formal
hoe,"to paddle, row",Formal
hōhā,"annoyed, a nuisance",Formal
hōhonu,deep,Formal
hōia,"soldier, warrior",Formal
hōiho,horse,Formal
hoki ,"also, too",Formal
hoki ,"to go back, return",Formal
hokinga,return,Formal
hoko,"to buy, sell",Formal
hokohoko,"to shop, trade",Formal
hokona,hoko + passive suffix -na,Formal
hōmai,to give (to speaker),Formal
hono,to join together,Formal
hopu,to catch,Formal
horo,quick,Formal
horo,"to crumble, to fall down",Formal
horoi,"to wash, to clean",Formal
hou,new,Formal
hū,shoe,Formal
hua,fruit,Formal
hua,egg,Formal
hua,product,Formal
huakina,to open,Formal
huarahi ,"path, road",Formal
hui,meeting,Formal
huia,"a treasured bird, now extinct",Formal
huka,foam,Formal
huka,"ice, frost",Formal
huka,sugar,Formal
huna,to hide,Formal
hunga,group of people,Formal
huri,to turn,Formal
hurihuri,"to turn round and round, over and over",Formal
huritau,birthday,Formal
huruhuru,feather,Formal
huruhuru,body hair,Formal
huruhuru,fur,Formal
i nāianei ,"now, (spelled as ināianei in older texts)",Formal
ia,"he, she, him, her",Formal
iho,downwards,Formal
ihu,nose,Formal
ika,fish,Formal
ina,"if, when",Formal
inā,"if, when",Formal
ine,to measure,Formal
ingoa,name,Formal
inu,to drink,Formal
ipu,"container, bowl",Formal
ira,dot,Formal
ira,gene,Formal
irirangi ,radio (usually as reo irirangi),Formal
iti,"small, little",Formal
iwa,nine,Formal
iwi,tribe,Formal
ka,Verbal particle with a range of meanings; not directly translated with an English word,Formal
kā,"to burn, be alight",Formal
kaha,"strong, able",Formal
kāhore,Negative used for verb sentences – not (variant of kāore),Formal
kahu,"cloak, cape, covering",Formal
kahurangi,blue (colour),Formal
kahurangi,woman of high status or rank,Formal
kai,food,Formal
kaiako,teacher,Formal
kaikōrero,"speaker, orator",Formal
kaimahi,worker,Formal
kaimoana,seafood,Formal
kainga,kai + passive suffix -nga,Formal
kāinga,home,Formal
kaipuke,ship,Formal
kaipūtaiao,scientist,Formal
kaitā,"big, sturdy of build",Formal
kaitākaro,"player, sportsperson",Formal
kaitiaki,"caretaker, caregiver ",Formal
kaituhi,"writer, author",Formal
kaiwhakahaere,"manager, organiser",Formal
kākahu,"clothing, garment",Formal
kākano,seed,Formal
kakara,"scent, smell",Formal
kākāriki,green,Formal
kakau,handle,Formal
kake,to climb,Formal
kakī,neck,Formal
kamo,eye,Formal
kānga,corn,Formal
kanikani,"dance, to dance",Formal
kano,colour,Formal
kanohi,face,Formal
kāo,no!,Formal
kāore,Negative used for verb sentences – not,Formal
kapa,"group, row of people, as in: kapa haka",Formal
kāpata,cupboard,Formal
kāpene,captain,Formal
kapi,to be covered or occupied (of space),Formal
kāpia,glue,Formal
kapu,cup,Formal
kapua,cloud,Formal
kara,colour,Formal
karāhe,"glass, mirror",Formal
karaka,clock,Formal
karaka,orange (from the colour of ripe karaka berries),Formal
karakia,"prayer, to pray",Formal
karanga,to call,Formal
karani,"granny, grandmother",Formal
kararehe,animal,Formal
kare,"Term of address: E kare, dear ",Formal
kare,ripple,Formal
kare,"stove, heater",Formal
kāre,"Negative word – not, none",Formal
karere,messenger,Formal
kāreti,college,Formal
kāreti,carrot,Formal
kāri,card,Formal
kāri,playing card,Formal
karu,eye,Formal
kata,to laugh,Formal
kātahi,then,Formal
katakata,"to laugh and laugh, laughter",Formal
kāti,Stop! As in: Kāti te tangi – Stop crying,Formal
katoa,all,Formal
kau,"manner particle, as in: kāore kau, kāre kau, ehara kau",Formal
kau,cow,Formal
kau,swim,Formal
kaua,"Negative word, do not, eg: Kaua e tangi – Don’t cry",Formal
kauaka,"Negative word, do not (variant of kaua), eg:",Formal
kauhoe,to swim,Formal
kaukau,to bathe,Formal
kaumātua,elder; elderly,Formal
kaupapa,"topic, theme",Formal
kaute,to count,Formal
kauwhata,graph,Formal
kāwana,"government, governor",Formal
kāwanatanga,government,Formal
kawe,"to carry, convey",Formal
kawea,kawe + passive suffix -a,Formal
kawenga,"load, luggage, burden ",Formal
kāwhe,calf,Formal
kē,"already, instead",Formal
kēhua,ghost,Formal
kei,"Various uses, meanings, eg:",Formal
keke,cake,Formal
kekeno,seal,Formal
kēmu,game,Formal
kete,"basket, kit",Formal
ki,"Has various uses and meanings, eg: to, at",Formal
kī,to say,Formal
kī,to be full,Formal
kia,"Various uses, meanings. Often not translatable by an English word.",Formal
kīhai,"Negative word – not, used with the past tense",Formal
kīia,kī + passive suffix -ia,Formal
kiia,"crowded, full up",Formal
kimi,"to look for, seek",Formal
kimihia,kimi + passive suffix -hia,Formal
kino,bad,Formal
kiore,rat,Formal
kiri,skin,Formal
kirikiri,sand,Formal
kiromita,kilometre,Formal
kite,to see,Formal
kitea,kite + passive suffix -a,Formal
kitenga,"observation, seeing",Formal
kiwi,"kiwi, native bird",Formal
ko,Various uses; not usually translatable with an English word,Formal
kō,"at a distance, yonder",Formal
koa,please,Formal
koa,happy,Formal
koe,"you, one person",Formal
koha,gift,Formal
kōhanga,nest,Formal
kōhatu,stone,Formal
kohi,"to collect, gather together",Formal
kohikohi,"to collect, gather together",Formal
kōhua,to boil; cooking pot,Formal
koi,sharp,Formal
koia,"it is, so",Formal
koina,that is (near listener),Formal
koinei,this is,Formal
kōiwi,bone,Formal
kōkā,"mother, aunt",Formal
kōkiri,"to charge, rush at",Formal
konā,"there, by listener",Formal
konei,"here, by speaker",Formal
kongakonga,"small piece, fragment",Formal
kōpae,disc,Formal
kore,"zero, nothing",Formal
kōrere,tap,Formal
kōrero,"to talk, speak",Formal
kōrerorero,to discuss,Formal
kōrerotia,kōrero + passive suffix -tia,Formal
koro,"Term of address for an elderly man, grandfather: E koro",Formal
koroua,"elderly man, grandfather",Formal
kōrua,"you, two people",Formal
kotahi,one,Formal
kōtiro,girl,Formal
kōtuku,white heron,Formal
koutou,"you, three or more people",Formal
kōwhai,yellow (colour),Formal
kōwhai,"kōwhai, a native tree",Formal
kua,Verbal particle; indicating completed action or movement into a state,Formal
kuhu,"to enter, to go or come in",Formal
kui,"Term of address for an elderly woman, E kui.",Formal
kuia,"elderly woman, grandmother",Formal
kuini,queen,Formal
kukume,"to pull, to drag",Formal
kūmara,"kūmara, sweet potato",Formal
kūpenga,net,Formal
kupu,word,Formal
kura,school,Formal
kura,red,Formal
kura,red feather,Formal
kura,treasured item,Formal
kurī,dog,Formal
mā,"Various uses and meanings, eg by, for; plural marker and others, as in: I haere mai a Mere mā.",Formal
mā,white,Formal
mā,clean,Formal
maha,many,Formal
mahana,warm,Formal
māhanga,twin(s),Formal
mahara,"thought, memory",Formal
māharahara,"worried, anxious",Formal
mahara,,Formal
māhau,for you,Formal
mahere,"map, plan",Formal
mahi ,"to do, work, make",Formal
mahia,mahi + passive suffix -a,Formal
mahue,to be left behind,Formal
māhunga,head,Formal
mai,towards the speaker in space or in orientation,Formal
māia,"capable, brave, bold",Formal
makariri,cold,Formal
makawe,"hair of the head (human), used in plural: ngā makawe",Formal
makere,to fall,Formal
makere,to come off,Formal
makere,to get down from,Formal
māku,"for me, by me",Formal
mākū,wet,Formal
māmā,"mother, mum, mummy (informal)",Formal
māmā,easy,Formal
mamae,"hurt, sore",Formal
mana,"prestige, authority",Formal
māna,"for him / her, by him / her",Formal
manaaki,"to look after, to show hospitality towards",Formal
manawa,heart,Formal
manga,stream,Formal
manga,branch,Formal
mano,thousand,Formal
manu,bird,Formal
manuhiri,guest,Formal
Māori,"Māori (people, language culture)",Formal
māori,"normal, ordinary, fresh (of water)",Formal
māra,garden,Formal
marae,marae,Formal
marama,"month, moon",Formal
mārama,"clear, understand",Formal
maramara,"crumbs, small pieces",Formal
marangai,"rain, storm",Formal
mārika,"indeed, quite, certainly; āe mārika",Formal
maringi,to spill,Formal
mārō,"hard (of texture, personality)",Formal
maroke,dry,Formal
mata,"face, surface",Formal
mata,"point, blade",Formal
mātaki ,to watch,Formal
mātakitaki,"to watch, to observe, examine, inspect",Formal
mataku,"scared, afraid",Formal
mātao,cold,Formal
matapihi,window,Formal
matau,right (direction),Formal
matau,fish hook,Formal
mātau,"we, us (variant of mātou)",Formal
mātau,"to know, understand",Formal
mātauranga,"education, knowledge",Formal
mate,"to be sick, ill, dead",Formal
matekai,hungry,Formal
matimati,"finger, toe",Formal
mātou,"we, us (three or more, excluding addressee)",Formal
matū,"fat, chemical",Formal
matua ,"parent, father ",Formal
mātua ,"parents, fathers (plural form of matua)",Formal
mau,"to take, bring",Formal
mau ,to be caught,Formal
mau ,to wear clothes,Formal
māu,"for you, by you; ā category possession",Formal
māua,"we, us (two people, excluding addressee)",Formal
mauī,left (direction),Formal
maumahara,to remember / remember,Formal
maunga,mountain,Formal
mauri,life spirit,Formal
mauria,mau + passive suffix -ria,Formal
me,"Various meanings, uses, eg with, like, should",Formal
mea ,thing,Formal
mea,to say,Formal
meatia,mea + passive suffix -tia,Formal
mehemea,"if (presuming not; cf. ki te, if, expressing simple uncertainty)",Formal
mēnā,if,Formal
meneti,minute,Formal
mere,short club,Formal
mere,"bush, shrub",Formal
mīere,honey,Formal
mīharo,to wonder at; amazing,Formal
mihi,to greet,Formal
mīhini,machine,Formal
miraka,milk,Formal
miriona,million,Formal
miro,thread,Formal
mita,metre,Formal
mīti,meat,Formal
mō,"for, unrealised, ō category possession, about",Formal
moana,sea,Formal
moe ,to sleep,Formal
moe,to marry,Formal
moemoeā ,to dream,Formal
moenga,bed,Formal
mōhio,to know,Formal
mōhiotanga,knowledge,Formal
mōhiotia,mōhio + passive suffix -tia,Formal
moka,"end, margin, piece",Formal
mōkai,pet,Formal
mokemoke,lonely,Formal
moko,Term of address to a grandchild: E moko,Formal
moko,tattoo,Formal
moko,lizard,Formal
mokomoko,lizard,Formal
mokopuna,grandchild,Formal
mōku,"for me, unrealised, o category possession",Formal
momo,"type, kind",Formal
mōna,"for him / her, unrealised, o category possession",Formal
moni,money,Formal
motokā,"car, motorcar",Formal
motu,island,Formal
motu,"cut, cut off",Formal
motuhake,special,Formal
moutere,island,Formal
mua,"front, before",Formal
mura,"blaze, flame",Formal
muri,"behind, after",Formal
mutu,"be ended, finished (but not necessarily completed)",Formal
mutunga,"end, mutu + noun ending -nga",Formal
nā,"Various meanings, eg by, belonging to (ā category), by way of ",Formal
nāianei,now,Formal
nāku,"mine, realised possession, ā category",Formal
nama,number,Formal
nāna,"by him / her, belonging to him / her",Formal
nanakia,rascal,Formal
nau,"come, go: as in: Nau mai!",Formal
nāwai,"presently, in due course, after a while",Formal
nē,"tag question, translated variously depending on the English structure; eh?",Formal
nei,"here, by speaker",Formal
neke,to move,Formal
nekeneke,to move gradually,Formal
ngā,"the, plural",Formal
ngahere,forest,Formal
ngākau,"heart, as in seat of the affections and feelings",Formal
ngārara,"reptile, monster",Formal
ngaro,"to be lost, missing, gone",Formal
ngaru,wave,Formal
ngata,snail,Formal
ngata,to be satisfied,Formal
ngātahi,together,Formal
Ngāti,"tribal name prefix, as in: Ngāti Porou, Ngāti Kahungunu",Formal
ngau,to bite,Formal
ngaungau,"to chew, a snack",Formal
ngāwari,easy,Formal
ngāwari,"soft, supple of texture",Formal
ngāwari,"kind, pleasant of personality",Formal
ngenge,tired,Formal
ngeru,cat,Formal
ngunguru,to growl,Formal
ngutu,"lip, lips",Formal
niho,tooth,Formal
nō,"Various meanings: from, of, belonging to (ō category)",Formal
noa,"Various meanings, eg only, just, merely",Formal
noho,to sit,Formal
noho,to stay,Formal
noho,to live,Formal
noke,worm,Formal
nōku,"mine, realised possession, ō category",Formal
nōna,"his, her, realised possession, ō category",Formal
nui ,"big, great, many",Formal
nuinga,majority,Formal
nuku,to move,Formal
nunui,big (plural form),Formal
o,"Has several uses: of, belonging to",Formal
ō,"your, one person, neutral category possession, plural ",Formal
oho,to wake up,Formal
ohorere,"to start suddenly, be startled",Formal
ōku,"mine, plural, ō category possession",Formal
oma,"to run, escape",Formal
ōna,"his / her, plural, ō category possession",Formal
one,"beach, sand",Formal
oneone,"earth, soil",Formal
ono,six,Formal
ope,group travelling together,Formal
ora ,"alive, well, healthy, safe",Formal
oranga,"health, life",Formal
oreore,"to shake, quiver",Formal
ōrite,to be the same as,Formal
otaota,"vegetation, herbs, grass, weeds",Formal
oti,to be completed,Formal
otirā,"but, on the other hand",Formal
ōu,"yours, one person, ō category possession, plural",Formal
pā,"to touch, to affect",Formal
pā,Term of address for father: E pā,Formal
pā,a fortified settlement,Formal
pae,to be cast ashore,Formal
pae,"to lay horizontally; horizon, ridge of hills",Formal
pae,circumference,Formal
paepae ,container,Formal
paepae,speakers’ bench on the marae,Formal
pahi,bus,Formal
pāhi,"purse, to pass",Formal
pahū,"to explode, burst; bomb",Formal
pahū,drum,Formal
pai,good,Formal
painga,"benefit, skill, good qualities",Formal
paipa,pipe,Formal
pakanga,"to fight, battle, war, hostility",Formal
pakari ,strong,Formal
pakari ,"mature, ripe",Formal
pakaru,"broken, shattered",Formal
pakaru,broken down,Formal
Pākehā,Pakehā,Formal
pakeke,"grown up, adult",Formal
pakeke,"hard, stiff",Formal
pākete,packet,Formal
pākete,bucket,Formal
paki ,"to slap, to pat",Formal
pakipaki ,"to applaud, to clap; applause",Formal
pakitara,wall,Formal
pakiwaitara,story,Formal
paku ,small,Formal
pakupaku,very small,Formal
pāmu,farm,Formal
pana,"to push away, to expel",Formal
panana,banana,Formal
panga,to throw,Formal
panga,"puzzle, riddle",Formal
pāngarau,mathematics,Formal
pango,black,Formal
pani,orphan; to be orphaned,Formal
pānui,to read ,Formal
pānui,"to publish, advertise; notice, advertisement",Formal
paoro,ball,Formal
papa,"floor, ground, flat surface",Formal
pāpā,"father, uncle",Formal
parakuihi,breakfast,Formal
parāoa,"bread, flour",Formal
parauri,brown,Formal
pare,"headband, headdress",Formal
pare,"to ward off, to divert",Formal
pari,cliff,Formal
parirau,wing,Formal
paru,"dirt, mud, dirty",Formal
paruparu ,"dirt, mud",Formal
pata,butter,Formal
pātai,question; to ask a question,Formal
pātata,close (of distance),Formal
pātene,button,Formal
pātiki,flounder (fish),Formal
pātītī,grass,Formal
patu ,"to strike, beat, thrash",Formal
patu ,to kill,Formal
patua ,patu + passive suffix -a,Formal
pau,"to be consumed, used up completely, all gone",Formal
pāua,pāua (abalone),Formal
pea,"maybe, perhaps",Formal
pea,pear,Formal
pea,bear,Formal
pea,pair,Formal
pēhea,how?,Formal
peita,paint,Formal
peka,branch,Formal
pēkana,bacon,Formal
pekapeka,bat,Formal
peke,"to jump, to leap over",Formal
pēke,bag,Formal
pēnā,"like that, near listener",Formal
pene,pen,Formal
pēnei ,"like this, near speaker",Formal
pepa,paper,Formal
pēpi,baby,Formal
pērā,"like that, yonder",Formal
pere,bell,Formal
pēwhea ,how? (variant of pēhea),Formal
pī,bee,Formal
piki,to climb,Formal
piki,to increase,Formal
pikitia,"picture, film",Formal
pīpī,"chick, baby",Formal
pīrangi,"to want, desire",Formal
pirau,rotten,Formal
piri,"to stick to, to cling",Formal
pirihimana,police officer,Formal
piriti,bridge,Formal
piro,"stinking, putrid",Formal
pito,"end, extremity",Formal
pito,belly button,Formal
piupiu,"flax skirt worn as part of traditional costume, eg in kapa haka",Formal
pō,night,Formal
poaka,pig,Formal
pōhatu,stone,Formal
pōhēhē,"to think mistakenly, be mistaken",Formal
poi,"poi, small, soft ball on string",Formal
poka,"hole; to make a hole in, to pierce",Formal
pono,"true, faithful",Formal
poraka,frog,Formal
poraka,jersey,Formal
poro,"to cut off, to cut short",Formal
pōro,ball,Formal
porohita ,"circle, round (variant of porowhita)",Formal
porowhita,"circle, round (variant of porohita)",Formal
pōtae,hat,Formal
poti,cat,Formal
poti,boat,Formal
poto,short,Formal
pou,"pole, post",Formal
pouaka,box,Formal
pouaka whakaata,television,Formal
pounamu,greenstone,Formal
pōuri,"sad, dark",Formal
pū,letter (of the alphabet),Formal
pū,gun,Formal
pū ,to blow gently,Formal
puare,"open, opening",Formal
puehu,dust,Formal
puhi,to blow (wind),Formal
pūkaha,engine,Formal
pukapuka,book,Formal
pukapuka,lungs,Formal
puke,hill,Formal
pūkenga,"skilled, expert",Formal
puku,"stomach, belly",Formal
pūmau,"fixed, permanent",Formal
puna,"pool, spring",Formal
pūngāwerewere,spider,Formal
punua,young animal,Formal
puoro,"to sing, to rumble",Formal
pupū,to boil ,Formal
pupū,"to bubble up, arise from",Formal
pupuhi,to blow (of the wind),Formal
pupuhi,to shoot,Formal
pupuri,to hold onto,Formal
pūrākau,traditional story,Formal
purapura,seed,Formal
purei,to play / play,Formal
pūrere,"appliance, machine (electric)",Formal
pūrerehua,butterfly,Formal
puru ,"to block up, plug",Formal
puru,"to put, place somewhere",Formal
purua,puru + passive suffix -a,Formal
puta,"to appear, to come out",Formal
pūtaiao,science,Formal
pūtake,"reason, cause",Formal
pūtake,root,Formal
putanga,"opening, exit",Formal
pūtea,"budget, resources",Formal
putiputi,flower,Formal
putu,"to heap up; a heap, pile",Formal
rā,"Various uses, meanings, eg over there ",Formal
rā,sun,Formal
rā,day,Formal
rahi,large,Formal
rākau,tree; timber,Formal
raki,north,Formal
rama,"light, torch",Formal
rānei,or,Formal
rangatahi,youth,Formal
rangatira,"chief, leader, boss",Formal
rangi,"sky, day",Formal
rango,"fly, blowfly",Formal
rangona,to be heard (passive form of rongo),Formal
rapa,to look for ,Formal
rapu,to look for,Formal
rārangi,"line, row",Formal
raro,under,Formal
raru,"trouble; to be in difficulty, in trouble",Formal
raruraru,"trouble, be in difficulty, in trouble",Formal
rata,"friendly, at ease, calm",Formal
rātou,"they, them, three or more people",Formal
rau,hundred,Formal
rau,leaf,Formal
rau,to put into,Formal
rāua,"they, them, two people",Formal
rawa,"Various meanings, eg quite, very",Formal
rawe,"lovely, excellent",Formal
rāwhiti,east,Formal
rēhia,"pleasure, amusement",Formal
reira,there (previously mentioned),Formal
reka,sweet,Formal
rekareka,"pleasant, delighted",Formal
reo,"language, voice",Formal
rere,to fly,Formal
rere,to flow,Formal
rere,to sail,Formal
rere,to escape,Formal
rerekē ,"different, changed",Formal
rerenga,voyage,Formal
rerenga,"escape, running away",Formal
rererangi,airplane,Formal
reri,ready,Formal
reta,letter,Formal
reti ,"to skate, slide",Formal
retireti,"skates, skating",Formal
rima,five,Formal
ringa,"hand, arm",Formal
ringaringa,"hand, arm",Formal
rino,iron,Formal
rīpene,"ribbon, tape",Formal
riri,"anger, angry",Formal
riro,"be obtained, be carried away, gone away",Formal
rita,litre,Formal
rite,like,Formal
rīwai,potato,Formal
rō,"in (short form of roto, as in: ki rō whare)",Formal
roa,long,Formal
roanga,length of time,Formal
rohe,"district, area",Formal
roimata,tears,Formal
rongo,"to hear, perceive",Formal
rongoā,medicine,Formal
rongonui,famous,Formal
rōpū,group,Formal
rori,road,Formal
rorohiko,computer,Formal
roto,in,Formal
rua,two,Formal
rua,hole,Formal
ruku,to dive,Formal
rūma,room,Formal
runga,on,Formal
tā,"ā category possession, singular form, used with other pronouns to form possessive pronouns, as in: ā mātou tamariki",Formal
tā,"according to, as said by (as in: Hei tā Manu)",Formal
tā,"to draw, paint",Formal
tā,"to publish, print",Formal
tae,"to reach, arrive",Formal
taea,"to be able, to be achieved",Formal
taenga,arrival,Formal
taha,"side, edge, margin",Formal
taha,to pass by,Formal
tāhau,"your, ā category possession, singular (variant of tāu)",Formal
tahi ,"one, single",Formal
tāhuhu,ridgepole of a house,Formal
tāhuhu,"Ministry of Education, as in: Te Tāhuhu o te Mātauranga",Formal
tahuri,"to turn around, to turn over",Formal
tahuri,to capsize,Formal
tai,"the sea, as opposed to land",Formal
tai,tide,Formal
tāia,tā + passive suffix -ia,Formal
taiapa,fence,Formal
taihoa,wait,Formal
taitama,young man,Formal
taka,"to fall, to fall off, to drop",Formal
taka,to come around in a cycle ,Formal
tākaro,to play,Formal
take,"reason, cause, origin",Formal
take,subject of discussion,Formal
take,"root, stump",Formal
taki,"to recite, to recount",Formal
taki,"to lead, to bring along",Formal
takiwā,"district, region",Formal
takoto,to lie down,Formal
taku,"my, neutral, singular",Formal
tāku,"my, ā category possession, singular",Formal
tākuta,doctor,Formal
tama,"son, nephew, Term of address for a boy, son: tama",Formal
tamāhine,daughter,Formal
tamaiti,child,Formal
tamariki,children (plural form of tamaiti),Formal
tamatāne,boy,Formal
tame,male animal,Formal
tana,"his / her, neutral, singular",Formal
tāna,"his / her, ā category possession, singular",Formal
tāne,man,Formal
tangata,person,Formal
tāngata,people (plural of tangata),Formal
tangi,to cry,Formal
tangi,"to mourn, lament",Formal
tangi,"to make a sound, sound",Formal
tango,to take hold of,Formal
tangohia,tango + passive suffix -hia,Formal
taniwha,"monster, traditional guardian of bodies of water",Formal
tao,to cook,Formal
tāone,town,Formal
taonga,"prized possession, treasure",Formal
taonga,"property, possession",Formal
tapa,"edge, margin",Formal
tapa,to name,Formal
tapahi,"to cut up, chop",Formal
tapahia,tapahi + passive suffix -a,Formal
tāpiri,"to join something on, to add",Formal
tapu,"sacred, holy, under ritual restriction",Formal
taputapu,"utensil, tool",Formal
taputapu,appliance,Formal
taputapu,"gear, equipment",Formal
tapuwae,footprint,Formal
tāra,dollar,Formal
taraiwa,to drive; driver,Formal
taraka,truck,Formal
tarau,trousers,Formal
tari,study,Formal
tari,department,Formal
taringa,ear,Formal
taro,"presently, by and by, as in: taro ake",Formal
tata,near,Formal
tātahi,"seaside, beach",Formal
tātai,"to measure, to calculate",Formal
tātai,"to arrange, to set in order",Formal
tatari,to wait,Formal
tatau,door,Formal
tatau,to count,Formal
tātou,"we, us, inclusive, three or more people",Formal
tau,number,Formal
tau,"year, period of time",Formal
tau,"age, as in: e iwa aku tau",Formal
tau,"beloved, darling",Formal
tau ,"to land on, alight, come to rest",Formal
tau ,to settle down,Formal
tāu,"your, one person, ā category, singular",Formal
taua,"that, previously mentioned (singular)",Formal
tāua,"we, us, you and I, inclusive, dual",Formal
tauhou,"strange, unfamiliar; stranger",Formal
tauira,student,Formal
tauira,example,Formal
taumaha,"heavy, of weight",Formal
taumaha,"heavy, difficult of spirit or health",Formal
taumata,"peak, pinnacle",Formal
taumata,"grade, level of achievement",Formal
taunga,"landing place, resting place, anchorage",Formal
taunga,fishing ground,Formal
taunga,"to be accustomed to, familiar with",Formal
taupoki,"to cover, close with a lid; lid, cover",Formal
taura,"rope, cable",Formal
tautoko,to support,Formal
tawhiti,"distant, a distant place",Formal
tawhito,"old, former",Formal
te,"the, singular definite article",Formal
tēhea,"which, singular",Formal
teina,"younger sibling, same sex",Formal
teitei,"tall, high, lofty; height",Formal
tekau,ten,Formal
tēnā,"that, by the listener",Formal
tēnei,"this, by speaker",Formal
tēpu,table,Formal
tērā,"that, yonder",Formal
tere,"to flow, float, move quickly; fast",Formal
tētahi,"a, one specific thing",Formal
tētehi,"a, one specific thing (variant of tētahi)",Formal
tī,tea,Formal
tī,cabbage tree,Formal
tiaki,"to look after, to care for",Formal
tihi,summit,Formal
tihi,topknot,Formal
tika ,"to be right, correct, straight, in order",Formal
tikanga,"custom, habit, agreed way of doing things",Formal
tikanga ,"reason, meaning",Formal
tiki,to fetch,Formal
tiki atu ," go and fetch, bring",Formal
tiki mai,"come and fetch, take away",Formal
tīkina,tiki + passive suffix -na (note the first i is lengthened),Formal
tīma,team,Formal
tīmata,"to begin, to start",Formal
tīmatanga,beginning,Formal
tīmata, + nominal suffix -nga,Formal
tina,"dinner, lunch",Formal
tinana,"body, trunk, torso",Formal
tini,"very many, numerous, plenty; multitude, throng",Formal
tīni,to change,Formal
tinihanga,"to decieve, cheat",Formal
tinihanga,"to trick, amuse with trickery",Formal
tino,very,Formal
tipu,"to grow, develop",Formal
tipu,"a plant, shoot",Formal
tipua,a type of taniwha,Formal
tipua,"strange, unusual",Formal
tipua,a person of high status,Formal
tipuna ,"grandparent, ancestor",Formal
tīpuna,grandparents (plural form of tipuna),Formal
tira,travelling party,Formal
tira,group or row of people,Formal
tiriti,treaty,Formal
tiriti,street,Formal
tiro ,to look,Formal
tirohanga,tiro + nominal suffix -hanga,Formal
tirohia,tiro + passive suffix -hia,Formal
tirotiro,"to look about, to investigate",Formal
titiro ,to look at,Formal
tō,"your, neutral, one person, singular",Formal
tō,stove,Formal
tō,to drag,Formal
toa,shop,Formal
toa,brave,Formal
toa,"to win, come first; winner",Formal
toa,male animal,Formal
toe,"to remain, be left over",Formal
toenga,"leftovers, remnants",Formal
tohorā,whale,Formal
tohu ,"a sign, mark",Formal
tohu ,"to indicate, point out",Formal
tohu ,"a qualification, eg degree",Formal
tohua,tohu + passive suffix -a,Formal
tohunga,"expert, priest",Formal
tohutohu,"to instruct; to guide, direct; instructions, directions",Formal
toi,"origin, source; native, indigenous",Formal
toi,"art, knowledge",Formal
toka,rock,Formal
tōkena,"stockings, socks",Formal
tokomaha,many (of people),Formal
tokorua,two (of people),Formal
tokotoru,three (people),Formal
tōku,"my, ō category possession, singular",Formal
tomo,"to enter, go into",Formal
tōna,"his / her, ō category possession, singular",Formal
tonga,south,Formal
tono,"to send, to command",Formal
tono,"to ask for, to request, to demand",Formal
tono,to apply for,Formal
tonoa,tono + passive suffix -a,Formal
tonu,still,Formal
tonutia,tonu + passive suffix -tia,Formal
toro,"to stretch out, to extend",Formal
toro,to visit,Formal
toroa,albatross,Formal
toru,three,Formal
tote,salt,Formal
tōtika,"straight, direct, right",Formal
toto,blood,Formal
tōu,"your, ō category possession, singular",Formal
tū,to stand,Formal
tū,to be wounded; a wound,Formal
tua,beyond,Formal
tuahine,"sister, of a male",Formal
tuakana,older sibling of the same sex ,Formal
tuanui,roof,Formal
tuarā,back,Formal
tuarua,second,Formal
tuatahi,first,Formal
tuatoru,third,Formal
tuawhā,fourth,Formal
tuhi ,"to write, to draw",Formal
tuhi ,"to indicate, point out",Formal
tuhia,tuhi + passive suffix -a,Formal
tuhinga,"writing, text",Formal
tuhituhi ,"to write, draw",Formal
tuhituhinga,"writing, text",Formal
tuki,"to hit, to knock, to beat, to pound",Formal
tuku,to allow,Formal
tuku,to send,Formal
tuku,to let something down; to hand something down,Formal
tuku ,"to let go, to give up",Formal
tuku ,"to put off, to leave aside",Formal
tukua ,tuku + passive suffix -a,Formal
tukuna,tuku + passive suffix -na,Formal
tukutuku,woven wall panels,Formal
tukutuku,spider web,Formal
tūmanako,"to hope for, anticipate, expect",Formal
tumeke,"to take fright, surprise",Formal
tuna,eel,Formal
tungāne,"brother, of a female",Formal
tunu ,"to cook, roast",Formal
tūpato,"to be careful; caution, cautious",Formal
tupu,"to grow, develop; a plant, shoot",Formal
tūpuna,grandparents (plural form of tupuna),Formal
tūranga,"position, job",Formal
tūranga,"stopping place, as in: tūranga pahi bus stop ",Formal
ture,"law, rule",Formal
tūrehu,fairy,Formal
turituri,be quiet! noisy,Formal
tūru,"chair, seat, stool",Formal
tūtaki,to meet,Formal
tūtaki,"to close up, to block",Formal
tutuki,"to complete, to achieve",Formal
tūturu,"real, natural, authentic",Formal
tūturu,"fixed, permanent, definite",Formal
ū,"to land, to reach land",Formal
ū,"to be firm, fixed",Formal
ū,"breast, udder",Formal
ua,to rain; rain,Formal
uaua,difficult,Formal
uaua,"muscle, vein, artery",Formal
uhi,to cover,Formal
uhia,uhi + passive suffix -a,Formal
ui,"to ask, enquire",Formal
uira,lightning; to flash,Formal
uku,clay,Formal
uku,to wash,Formal
umere ,"to shout (in wonder, in appreciation)",Formal
upoko,head,Formal
upoko,chapter of a book,Formal
upoko,verse of a song,Formal
uri,"descendant, offspring",Formal
uru,"to enter, to go into",Formal
uru,west,Formal
uta,"shore, land as opposed to sea or water",Formal
uta,to load,Formal
utu,"cost, price; to pay for",Formal
uwha,female animal,Formal
wā,time,Formal
wā,"place, space, area",Formal
waea,telephone,Formal
waea,wire,Formal
waenga,"middle, dividing line",Formal
waenganui,"middle, centre, between",Formal
waewae,foot,Formal
waha,mouth,Formal
waha,to carry on the back,Formal
waha,"load, burden",Formal
wāhanga,"part, portion, section",Formal
wāhanga,"chapter, episode",Formal
wāhi,"place, locality",Formal
wāhi,"to break, to split, to break open",Formal
wāhi,"part, portion",Formal
wahie,driftwood,Formal
wahine ,"woman, wife",Formal
wāhine ,"women, wives (plural form of wahine)",Formal
waho,"out, outside, the outside",Formal
Wai?,who?,Formal
wai,water,Formal
wai,juice,Formal
waiariki,hot spring,Formal
waiata,to sing,Formal
waihanga,"to make, build something",Formal
waiho,to leave something somewhere,Formal
waiho,"to remain, rest",Formal
waimarie,"lucky, fortunate; luck, good fortune",Formal
wairua,spirit,Formal
waka,canoe,Formal
waka,car,Formal
waka,"vehicle (land, air and sea)",Formal
wānanga,"place of learning, as in: whare wānanga",Formal
wao,forest,Formal
wareware,to forget; forgetful,Formal
waru,eight,Formal
waru,"to scrape, to peel",Formal
wātea,"to be clear, unoccupied, free of obstruction",Formal
wawata,"to long for, yearn for",Formal
wawe,"early, soon, quickly",Formal
wehe ,"to separate, divide",Formal
wehenga,"departure, leaving",Formal
wehenga,"part, division, separation",Formal
wehi,to be afraid,Formal
wehi,terrible,Formal
weka,"weka, a native woodhen",Formal
wera,"to burn; burnt; hot, heat",Formal
wero,to pierce,Formal
wero,to challenge; formal challenge at a welcome ceremony,Formal
whā,four,Formal
whaea,"mother, aunt",Formal
whai,"to follow, to chase",Formal
whāia,whai + passive suffix -a (note lengthening of first vowel),Formal
whāinga,"objective, aim, purpose",Formal
whāiti,"narrow, crowded together",Formal
whakaae,to agree,Formal
whakaahua,to take photos; photograph,Formal
whakaari,"to display, to exhibit ",Formal
whakaari,"play, drama, performance",Formal
whakaaro,to think; thought,Formal
whakaata,"to display, show",Formal
whakaata,mirror,Formal
whakaatu,"to display, show, demonstrate",Formal
whakaaturanga ,display,Formal
whakaaturanga ,television programme,Formal
whakahaere,"to run something, manage, make something go ",Formal
whakahau,"to command, order",Formal
whakahau,to encourage,Formal
whakaheke,"to decrease, drop, lower",Formal
whakahīhī,arrogant,Formal
whakahirahira,"great, magnificent, wonderful, very important",Formal
whakahoki,"to return, to reply",Formal
whakahokia,whakahoki + passive suffix -a,Formal
whakairo,"to carve, a carving",Formal
whakakī,to fill something,Formal
whakamā,"to be embarrassed, ashamed",Formal
whakamahi,"to operate, to make something work",Formal
whakamahi,"to put someone to work, to make someone work",Formal
whakamahia,whakamahi + passive suffix -a,Formal
whakamāori,to translate into Māori,Formal
whakamārama,to explain,Formal
whakamātau,"to test, examine",Formal
whakamātautau,"examination, test",Formal
whakamau,to put on,Formal
whakamau,"to fix, fasten",Formal
whakamaua,whakamau + passive suffix -a,Formal
whakamīharo,"amazing, astonishing",Formal
whakamua,"frontward, towards the front",Formal
whakamuri,towards the back,Formal
whakamutunga,"ending, conclusion",Formal
whakangā,to rest,Formal
whakangahau,"to entertain, to amuse",Formal
whakanui,"to honour, to praise",Formal
whakanui,to enlarge,Formal
whakaora,"to rescue, to cure",Formal
whakapae,"lying crosswise, horizontal",Formal
whakapai,"to improve, to fix up",Formal
whakapaipai,"to decorate, to adorn",Formal
whakapakari,to strengthen,Formal
whakapapa,genealogy,Formal
whakapiri,"to cling to, stick to",Formal
whakapono,to believe; faith,Formal
whakaputa,to produce,Formal
whakaputa,"to reveal, to publish",Formal
whakaputa,"to make something come out, to appear",Formal
whakararo,downwards,Formal
whakarite,to prepare,Formal
whakarite,"to arrange, to put in order",Formal
whakarite,to compare,Formal
whakaritea,whakarite + passive suffix -a,Formal
whakarongo,to listen,Formal
whakarunga,upwards,Formal
whakatā,to rest,Formal
whakataetae,competition,Formal
whakatakoto,to lay something down,Formal
whakatata,to come closer to,Formal
whakatau,to decide,Formal
whakatika ,"to straighten, to correct, to fix",Formal
whakatikatika,"to rearrange, to put in order, to fix",Formal
whakatipu,to raise,Formal
whakatoi,to give cheek,Formal
whakatū,"to establish, to put someone or something in position",Formal
whakatū,to stand something up,Formal
whakatūpato,"to warn, to caution",Formal
whakatūria,whakatū + passive suffix -ria,Formal
whakauru,"to enter, to join, to enrol",Formal
whakautu,"to reply, to respond",Formal
whakawhiti,to cross,Formal
whāki,"to reveal, to disclose, to confess",Formal
whānau ,family,Formal
whānau ,to be born / be born,Formal
whanaunga,"relative, relation",Formal
whanga,bay,Formal
whanga,to wait,Formal
whāngai,"to feed, to foster",Formal
whānui,"broad, wide",Formal
whara,to be injured,Formal
whārangi,page,Formal
whare,"house, building",Formal
wharekura,Māori-medium secondary school,Formal
whāriki,"mat, carpet, rug",Formal
whatu,eye,Formal
whatu,stone,Formal
whatu,"to weave, knit",Formal
whāwhā,"to fiddle with, to touch",Formal
whawhai,to fight; a battle,Formal
whea ,where? (variant of hea),Formal
whenua,land,Formal
whero,red,Formal
whetū,star,Formal
whiti,to cross,Formal
whitu,seven,Formal
whiu,"to throw, to fling",Formal
whiu,to whip,Formal
whiu,to be satisfied,Formal
whiua,whiu + passive suffix -a,Formal
whiwhi,"to get, to acquire, to win",Formal
whiwhi,to be in possession of,Formal
whutupōro,"football, rugby",Formal
wiki,week,Formal
wīra,wheel,Formal
wiriwiri,"to tremble, to shake, to quiver",Formal
